{
  "per_task": {
    "reach_obj": {
      "baseline": 0.0,
      "vlm_7b": 0.07705392034401391,
      "vlm_32b": 0.3981686620301668,
      "gt": 0.9048679763831874
    },
    "walk_to_obj": {
      "baseline": 0.6535317669489467,
      "vlm_7b": 0.751507398495657,
      "vlm_32b": 0.2599495520294493,
      "gt": 0.8557384610869114
    },
    "navigate_maze": {
      "baseline": 0.40542197963581367,
      "vlm_7b": 0.4102639260982916,
      "vlm_32b": 0.40508184290084626,
      "gt": 0.4749832766105308
    },
    "point_right": {
      "baseline": 0.2239296860421634,
      "vlm_7b": 0.44019272137930543,
      "vlm_32b": 0.7589915895290572,
      "gt": 0.9168449920470928
    },
    "point_left": {
      "baseline": 0.2672261837232833,
      "vlm_7b": 0.6967648053592306,
      "vlm_32b": 0.18809824467528244,
      "gt": 0.9727826268096054
    },
    "raise_right_hand": {
      "baseline": 1.0,
      "vlm_7b": 0.9458188232101667,
      "vlm_32b": 1.0,
      "gt": 1.0
    },
    "raise_left_hand": {
      "baseline": 1.0,
      "vlm_7b": 1.0,
      "vlm_32b": 1.0,
      "gt": 1.0
    },
    "kneel_down": {
      "baseline": 0.6000000000000001,
      "vlm_7b": 0.488,
      "vlm_32b": 0.49200000000000005,
      "gt": 0.992
    },
    "touch_left_knee": {
      "baseline": 0.2557244258872652,
      "vlm_7b": 0.10794989561586639,
      "vlm_32b": 0.00015031315240083708,
      "gt": 1.0
    },
    "touch_right_knee": {
      "baseline": 0.05068931437090647,
      "vlm_7b": 0.008996096956295975,
      "vlm_32b": 0.007791346298809003,
      "gt": 0.8166407022128417
    }
  },
  "per_category": {
    "vision/baseline": 0.3100219232700414,
    "vision/vlm_7b": 0.4751565543352997,
    "vision/vlm_32b": 0.4020579782329604,
    "vision/gt": 0.8250434665874655,
    "text/baseline": 0.5812827480516344,
    "text/vlm_7b": 0.5101529631564659,
    "text/vlm_32b": 0.49998833189024194,
    "text/gt": 0.9617281404425683
  },
  "initial_conditions_path": "outputs/initial_conditions.json"
}